fill_id,filled_at,exchange_id,order_id,our_side,qty,fill_price,quote_price,fv_at_quote,fv_after
1814780,2026-10-01T16:02:15.457Z,1057,734549,?,100.0,0.75,,,
1820255,2026-10-01T16:03:06.466Z,983,736365,?,500.0,0.6,,,
1820653,2026-10-01T16:03:10.312Z,982,736388,?,500.0,0.6,,,
1821265,2026-10-01T16:03:14.729Z,1048,735178,?,400.0,0.245,,,0.272
1821612,2026-10-01T16:03:18.122Z,959,736739,ask,475.0,0.38,0.62,0.5891238670694864,
1821741,2026-10-01T16:03:19.762Z,983,736348,?,443.0,0.33,,,
1822304,2026-10-01T16:03:32.218Z,959,736739,ask,125.0,0.38,0.62,0.5891238670694864,
1824253,2026-10-01T16:03:56.164Z,924,737255,bid,62.0,0.84,0.84,0.853966649823143,0.853966649823143
1824295,2026-10-01T16:03:56.577Z,925,737249,ask,62.0,0.84,0.16,0.146033350176857,0.146033350176857
1824485,2026-10-01T16:03:58.284Z,983,736348,?,57.0,0.33,,,
1824661,2026-10-01T16:04:00.679Z,934,737386,?,100.0,0.62,,,
1824990,2026-10-01T16:04:04.921Z,1046,735332,?,300.0,0.27,,,0.712
1826795,2026-10-01T16:04:27.983Z,902,738079,?,100.0,0.795,,,
1827403,2026-10-01T16:04:40.765Z,1047,735255,?,450.0,0.235,,,
1827567,2026-10-01T16:04:45.552Z,1044,735508,?,150.0,0.06000000000000005,,,0.92475
1828898,2026-10-01T16:05:07.371Z,896,738426,?,100.0,0.26,,,
1829266,2026-10-01T16:05:11.795Z,970,736523,?,250.0,0.69,,,0.7035
1829988,2026-10-01T16:05:19.745Z,1019,735413,?,100.0,0.385,,,0.568
1831736,2026-10-01T16:05:40.602Z,934,737322,?,100.0,0.315,,,
1831876,2026-10-01T16:05:42.247Z,903,738026,?,100.0,0.8,,,
1832050,2026-10-01T16:05:44.994Z,1014,735664,?,100.0,0.795,,,
1832630,2026-10-01T16:05:52.262Z,921,737328,bid,100.0,0.33,0.33,0.365,
1832739,2026-10-01T16:05:52.739Z,1031,735452,?,100.0,0.44999999999999996,,,
1832905,2026-10-01T16:05:53.296Z,924,737255,bid,38.0,0.84,0.84,0.853966649823143,0.853966649823143
1833545,2026-10-01T16:06:01.481Z,920,737355,ask,100.0,0.32999999999999996,0.67,0.635,
1833990,2026-10-01T16:06:07.165Z,1009,736083,?,100.0,0.29,,,
1834168,2026-10-01T16:06:09.726Z,1037,734860,ask,100.0,0.87,0.13,0.08876456805679961,0.08752383435316248
1834885,2026-10-01T16:06:22.255Z,922,737304,bid,100.0,0.33,0.33,0.3424246104642042,
1835075,2026-10-01T16:06:25.759Z,1036,734873,bid,100.0,0.87,0.87,0.9112354319432004,0.9124761656468375
1836198,2026-10-01T16:06:44.623Z,969,736573,?,150.0,0.69,,,
1838231,2026-10-01T16:07:09.995Z,840,739008,ask,924.0,0.050000000000000044,0.95,0.9155908639523336,
1838493,2026-10-01T16:07:15.443Z,840,738998,bid,10000.0,0.88,0.88,0.9155908639523336,
1838958,2026-10-01T16:07:19.817Z,952,737161,?,150.0,0.04500000000000004,,,0.9406
1839045,2026-10-01T16:07:20.849Z,925,737249,ask,38.0,0.84,0.16,0.146033350176857,
1839809,2026-10-01T16:07:27.942Z,856,739770,?,100.0,0.45499999999999996,,,
1840190,2026-10-01T16:07:29.949Z,843,738945,bid,3357.0,0.35,0.35,0.3768564356435643,0.37575
1840240,2026-10-01T16:07:30.210Z,935,737278,?,100.0,0.31999999999999995,,,
1840598,2026-10-01T16:07:32.930Z,872,738588,?,150.0,0.43000000000000005,,,
1841901,2026-10-01T16:07:46.395Z,960,736715,ask,500.0,0.55,0.45,0.4108761329305136,0.40874999999999995
1842798,2026-10-01T16:07:57.470Z,871,738600,?,100.0,0.43,,,
1844582,2026-10-01T16:08:21.011Z,885,738529,?,250.0,0.18000000000000005,,,0.80835
1845044,2026-10-01T16:08:29.168Z,1004,735959,?,300.0,0.77,,,
1845184,2026-10-01T16:08:30.407Z,970,736542,?,250.0,0.245,,,
1845566,2026-10-01T16:08:36.222Z,871,738618,?,100.0,0.505,,,
1849711,2026-10-01T16:09:28.194Z,912,738061,?,100.0,0.635,,,
1850998,2026-10-01T16:09:40.926Z,889,738388,?,100.0,0.81,,,
1851780,2026-10-01T16:09:49.693Z,888,738415,?,100.0,0.805,,,
1857319,2026-10-01T16:10:58.277Z,891,738285,?,100.0,0.875,,,
1858459,2026-10-01T16:11:09.421Z,890,738331,?,100.0,0.875,,,
1861004,2026-10-01T16:11:51.615Z,843,738945,bid,2196.0,0.35,0.35,0.3768564356435643,0.37575
1868103,2026-10-01T16:13:20.076Z,855,747043,bid,150.0,0.49,0.49,0.505,
1877487,2026-10-01T16:14:53.392Z,1048,747918,?,350.0,0.27,,,
1879769,2026-10-01T16:15:30.569Z,843,749577,?,666.0,0.625,,,0.37575
1880854,2026-10-01T16:15:42.070Z,952,749376,?,100.0,0.935,,,0.9406
1881074,2026-10-01T16:15:44.688Z,843,749577,?,500.0,0.625,,,0.37575
1882319,2026-10-01T16:16:02.372Z,952,749376,?,50.0,0.935,,,0.9406
1882593,2026-10-01T16:16:05.759Z,843,749577,?,500.0,0.625,,,0.37575
1883489,2026-10-01T16:16:18.655Z,843,749577,?,500.0,0.625,,,0.37575
1884166,2026-10-01T16:16:27.666Z,843,749577,?,500.0,0.625,,,0.37575
1884239,2026-10-01T16:16:28.408Z,840,750624,?,500.0,0.08999999999999997,,,0.922
1884312,2026-10-01T16:16:29.429Z,1004,750102,?,300.0,0.19,,,0.19974999999999998
1884399,2026-10-01T16:16:30.626Z,843,749577,?,500.0,0.625,,,0.37575
1884686,2026-10-01T16:16:34.001Z,843,749577,?,500.0,0.625,,,0.37575
1884716,2026-10-01T16:16:34.587Z,840,750624,?,500.0,0.08999999999999997,,,0.922
1884838,2026-10-01T16:16:36.454Z,843,749577,?,500.0,0.625,,,0.37575
1884891,2026-10-01T16:16:36.853Z,840,750624,?,500.0,0.08999999999999997,,,0.922
1885190,2026-10-01T16:16:40.852Z,843,749577,?,500.0,0.625,,,0.37575
1885223,2026-10-01T16:16:41.407Z,840,750624,?,500.0,0.08999999999999997,,,0.922
1885281,2026-10-01T16:16:42.257Z,840,750624,?,8000.0,0.08999999999999997,,,0.922
1885467,2026-10-01T16:16:44.634Z,843,749577,?,500.0,0.625,,,0.37575
1885875,2026-10-01T16:16:49.509Z,952,751014,bid,150.0,0.935,0.935,0.9406,0.9406
1889341,2026-10-01T16:17:25.793Z,1014,749252,?,100.0,0.845,,,0.8265
1891097,2026-10-01T16:17:47.759Z,840,750594,?,924.0,0.63,,,0.922
1895149,2026-10-01T16:18:41.069Z,934,752972,bid,100.0,0.335,0.335,0.35526899886104496,0.35526899886104496
1896113,2026-10-01T16:18:50.940Z,843,753157,ask,500.0,0.62,0.38,0.37575,0.37649999999999995
1896595,2026-10-01T16:18:55.590Z,843,753157,ask,500.0,0.62,0.38,0.37575,0.37649999999999995
1896897,2026-10-01T16:18:59.367Z,843,753157,ask,500.0,0.62,0.38,0.37575,0.37649999999999995
1897495,2026-10-01T16:19:06.781Z,952,752936,bid,150.0,0.925,0.925,0.9406,0.9466
1897635,2026-10-01T16:19:07.251Z,1004,752912,bid,300.0,0.19,0.19,0.19974999999999998,0.19974999999999998
1897878,2026-10-01T16:19:10.712Z,843,753157,ask,500.0,0.62,0.38,0.37575,0.37649999999999995
1898235,2026-10-01T16:19:15.301Z,843,753157,ask,500.0,0.62,0.38,0.37575,0.37649999999999995
1898728,2026-10-01T16:19:20.243Z,843,753157,ask,500.0,0.62,0.38,0.37575,0.37649999999999995
1899623,2026-10-01T16:19:32.224Z,1048,750964,ask,11.0,0.725,0.275,0.272,0.272
1899653,2026-10-01T16:19:32.602Z,1048,750964,ask,100.0,0.725,0.275,0.272,0.272
1900206,2026-10-01T16:19:42.536Z,1014,754340,ask,100.0,0.16000000000000003,0.84,0.8265,0.831
1902320,2026-10-01T16:20:07.500Z,843,754755,ask,1026.0,0.605,0.395,0.37649999999999995,0.37949999999999995
1903100,2026-10-01T16:20:19.558Z,921,753003,bid,100.0,0.345,0.345,0.36404271356783924,0.36404271356783924
1904857,2026-10-01T16:20:37.938Z,928,754437,ask,100.0,0.18000000000000005,0.82,0.8089999999999999,0.8027857367504774
1904949,2026-10-01T16:20:39.155Z,952,754394,bid,150.0,0.925,0.925,0.9466,0.9417499999999999
1905409,2026-10-01T16:20:43.335Z,935,752951,bid,100.0,0.635,0.635,0.6447310011389551,0.6437028899264549
1906189,2026-10-01T16:20:48.588Z,889,751094,bid,100.0,0.16,0.16,0.17250000000000001,0.17275
1907031,2026-10-01T16:20:56.322Z,1004,752918,ask,300.0,0.785,0.215,0.19974999999999998,0.20350000000000001
1907368,2026-10-01T16:20:59.570Z,1004,754354,bid,300.0,0.19,0.19,0.19974999999999998,0.20350000000000001
1907606,2026-10-01T16:21:01.520Z,928,754427,bid,100.0,0.795,0.795,0.8089999999999999,0.8027857367504774
1907752,2026-10-01T16:21:02.249Z,924,754470,bid,100.0,0.835,0.835,0.8544922693304826,0.8546087300109799
1909945,2026-10-01T16:21:19.251Z,895,754605,bid,100.0,0.695,0.695,0.72875,0.72875
1910308,2026-10-01T16:21:22.913Z,912,750337,?,100.0,0.31,,,0.32275
1910410,2026-10-01T16:21:23.559Z,922,752994,ask,11.0,0.355,0.355,0.33875,
1912882,2026-10-01T16:21:46.420Z,1061,752828,ask,100.0,0.915,0.085,0.05315,
1914410,2026-10-01T16:22:01.987Z,840,754782,ask,1860.0,0.06999999999999995,0.93,0.922,0.922
1919088,2026-10-01T16:23:08.176Z,840,754777,bid,1960.0,0.905,0.905,0.922,0.922
1919108,2026-10-01T16:23:08.417Z,934,758249,?,100.0,0.355,,,0.3562971100735451
1919288,2026-10-01T16:23:12.262Z,952,758151,?,150.0,0.95,,,0.9417499999999999
1919608,2026-10-01T16:23:16.537Z,1009,750053,?,100.0,0.305,,,0.32825
1920626,2026-10-01T16:23:24.859Z,935,758189,?,100.0,0.32999999999999996,,,0.6437028899264549
1920920,2026-10-01T16:23:28.182Z,1048,757983,?,31.0,0.72,,,0.272
1920954,2026-10-01T16:23:28.604Z,885,753066,bid,250.0,0.795,0.795,0.8087000000000001,0.8087000000000001
1921063,2026-10-01T16:23:29.615Z,922,754502,bid,100.0,0.32,0.32,0.33875,
1923165,2026-10-01T16:24:00.226Z,843,759397,?,200.0,0.39,,,0.37949999999999995
1923171,2026-10-01T16:24:00.226Z,843,759397,?,1347.0,0.39,,,0.37949999999999995
1923177,2026-10-01T16:24:00.226Z,843,759397,?,8333.0,0.4,,,0.37949999999999995
1923247,2026-10-01T16:24:01.190Z,843,759397,?,100.0,0.4,,,0.37949999999999995
1923975,2026-10-01T16:24:02.950Z,843,759397,?,20.0,0.4,,,0.37949999999999995
1925159,2026-10-01T16:24:20.736Z,970,754373,bid,250.0,0.7,0.7,0.711,0.6862499999999999
1928445,2026-10-01T16:24:53.439Z,1009,760478,ask,100.0,0.33,0.33,0.32825,0.32825
1930587,2026-10-01T16:25:20.347Z,843,761023,bid,1347.0,0.39,0.4,0.37949999999999995,0.37875
1930592,2026-10-01T16:25:20.347Z,843,761023,bid,10.0,0.39,0.4,0.37949999999999995,0.37875
1930597,2026-10-01T16:25:20.347Z,843,761023,bid,250.0,0.395,0.4,0.37949999999999995,0.37875
1930602,2026-10-01T16:25:20.347Z,843,761023,bid,854.0,0.4,0.4,0.37949999999999995,0.37875
1930997,2026-10-01T16:25:30.170Z,843,761023,bid,500.0,0.4,0.4,0.37949999999999995,0.37875
1931017,2026-10-01T16:25:30.456Z,1048,757983,?,100.0,0.72,,,0.27575
1931051,2026-10-01T16:25:30.731Z,843,761023,bid,2000.0,0.4,0.4,0.37949999999999995,0.37875
1931071,2026-10-01T16:25:31.025Z,843,761023,bid,10.0,0.4,0.4,0.37949999999999995,0.37875
1931149,2026-10-01T16:25:31.907Z,843,761023,bid,4438.0,0.4,0.4,0.37949999999999995,0.37875
1931449,2026-10-01T16:25:34.106Z,843,761023,bid,100.0,0.4,0.4,0.37949999999999995,0.37875
1931502,2026-10-01T16:25:34.739Z,952,760512,bid,150.0,0.925,0.925,0.9417499999999999,0.944
1931528,2026-10-01T16:25:34.948Z,843,761023,bid,491.0,0.4,0.4,0.37949999999999995,0.37875
1932502,2026-10-01T16:25:47.410Z,885,760830,bid,250.0,0.795,0.795,0.8087000000000001,0.8004384402569492
1932960,2026-10-01T16:25:53.145Z,934,758217,?,100.0,0.33,,,0.35656557930832283
1934156,2026-10-01T16:26:08.256Z,952,760535,ask,25.0,0.95,0.95,0.9417499999999999,0.944
1936821,2026-10-01T16:26:47.994Z,856,760949,bid,100.0,0.515,0.515,0.51325,0.5065
1937283,2026-10-01T16:26:54.974Z,840,754782,ask,1075.0,0.06999999999999995,0.93,0.922,0.92275
1937773,2026-10-01T16:27:01.900Z,952,760535,ask,50.0,0.95,0.95,0.9417499999999999,0.9372499999999999
1938983,2026-10-01T16:27:21.824Z,1048,757983,?,4.0,0.72,,,0.27575
1943140,2026-10-01T16:28:20.326Z,891,763822,ask,18.0,0.895,0.105,0.0925,
1943146,2026-10-01T16:28:20.326Z,891,763822,ask,11.0,0.895,0.105,0.0925,
1943767,2026-10-01T16:28:31.525Z,1009,763684,bid,100.0,0.315,0.315,0.32825,0.32825
1944461,2026-10-01T16:28:36.434Z,928,763748,bid,100.0,0.795,0.795,0.8127499999999999,0.8127499999999999
1945081,2026-10-01T16:28:44.005Z,891,763822,ask,11.0,0.895,0.105,0.0925,
1946136,2026-10-01T16:28:57.567Z,891,763822,ask,8.0,0.895,0.105,0.0925,
1947863,2026-10-01T16:29:12.274Z,891,763822,ask,44.0,0.895,0.105,0.0925,0.09701492537313434
1949979,2026-10-01T16:29:36.352Z,891,763822,ask,2.0,0.895,0.105,0.0925,0.09701492537313434
1951118,2026-10-01T16:29:47.873Z,885,763850,ask,250.0,0.795,0.795,0.8004384402569492,0.8002792838905123
1951416,2026-10-01T16:29:51.186Z,843,763886,ask,9487.0,0.385,0.385,0.37875,0.37875
1951619,2026-10-01T16:29:53.224Z,902,763795,bid,100.0,0.815,0.815,0.8234999999999999,0.8234999999999999
1952367,2026-10-01T16:30:00.865Z,1030,763668,ask,100.0,0.08499999999999996,0.915,0.91275,0.91425
1952772,2026-10-01T16:30:04.843Z,952,765952,?,125.0,0.95,,,0.9372499999999999
1955821,2026-10-01T16:30:40.191Z,1048,757983,?,31.0,0.72,,,0.2735
1957738,2026-10-01T16:31:01.287Z,1048,757983,?,31.0,0.72,,,0.2735
1959837,2026-10-01T16:31:25.002Z,1048,757983,?,5.0,0.72,,,0.2735
1962428,2026-10-01T16:31:56.182Z,902,768035,bid,100.0,0.81,0.81,0.8234999999999999,0.8257499999999999
1963697,2026-10-01T16:32:13.675Z,1009,765793,?,6.0,0.315,,,0.33275
1964170,2026-10-01T16:32:18.772Z,952,768532,?,150.0,0.95,,,0.9763532819674069
1967984,2026-10-01T16:33:06.482Z,941,769318,bid,1997.0,0.03,0.03,0.039516056732214755,0.03720059565593764
1968046,2026-10-01T16:33:07.123Z,934,769381,bid,1006.0,0.345,0.345,0.3555691366281528,0.3555691366281528
1968350,2026-10-01T16:33:10.390Z,931,769414,ask,649.0,0.26,0.74,0.7313316831683168,0.7313316831683168
1968918,2026-10-01T16:33:15.490Z,885,768960,?,100.0,0.19499999999999995,,,0.8052602055364566
1969060,2026-10-01T16:33:16.778Z,884,769021,?,100.0,0.195,,,0.19473979446354342
1973439,2026-10-01T16:34:11.594Z,891,768082,bid,100.0,0.085,0.085,0.09701492537313434,0.09701492537313434
1973503,2026-10-01T16:34:12.756Z,885,770476,?,6.0,0.18999999999999995,,,0.8048128785242956
1974061,2026-10-01T16:34:18.559Z,885,770476,?,53.0,0.18999999999999995,,,0.8048128785242956
1976623,2026-10-01T16:34:49.754Z,941,771172,ask,126.0,0.03,0.03,0.03720059565593764,0.0375
1981519,2026-10-01T16:35:58.536Z,944,771110,ask,2000.0,0.05500000000000005,0.945,0.9359498228599802,0.9386500000000001
1981994,2026-10-01T16:36:06.123Z,931,771246,ask,1850.0,0.24,0.76,0.7313316831683168,0.7313316831683168
1982642,2026-10-01T16:36:14.227Z,1048,772139,?,357.0,0.72,,,0.27575
1987792,2026-10-01T16:36:59.791Z,960,772341,?,1039.0,0.5800000000000001,,,0.40874999999999995
1994254,2026-10-01T16:38:12.064Z,951,772385,?,37.0,0.01,,,0.01615003816119434
1995211,2026-10-01T16:38:26.104Z,891,772517,?,1.0,0.09,,,0.09701492537313434
1995524,2026-10-01T16:38:29.601Z,941,771172,ask,36.0,0.03,0.03,0.03720059565593764,0.027788657498651448
1996001,2026-10-01T16:38:33.994Z,934,771228,ask,100.0,0.655,0.345,0.3555691366281528,0.35456250016097335
1996253,2026-10-01T16:38:37.661Z,931,775083,bid,386.0,0.745,0.745,0.7313316831683168,0.7317413793103448
1996636,2026-10-01T16:38:42.156Z,931,775083,bid,250.0,0.745,0.745,0.7313316831683168,0.7317413793103448
1996725,2026-10-01T16:38:42.789Z,944,775023,bid,2000.0,0.945,0.945,0.9386500000000001,0.9386500000000001
1996801,2026-10-01T16:38:43.735Z,934,771228,ask,100.0,0.655,0.345,0.3555691366281528,0.35456250016097335
1996837,2026-10-01T16:38:43.970Z,931,775083,bid,1000.0,0.745,0.745,0.7313316831683168,0.7317413793103448
1997016,2026-10-01T16:38:45.965Z,931,775083,bid,364.0,0.745,0.745,0.7313316831683168,0.7317413793103448
1997130,2026-10-01T16:38:47.680Z,930,775119,ask,500.0,0.73,0.27,0.2686683168316832,0.26825862068965517
1997541,2026-10-01T16:38:52.499Z,930,775119,ask,134.0,0.73,0.27,0.2686683168316832,0.26825862068965517
2000572,2026-10-01T16:39:31.783Z,902,775208,ask,2.0,0.17500000000000004,0.825,0.8257499999999999,0.8257499999999999
2009730,2026-10-01T16:41:34.009Z,843,772670,?,10000.0,0.615,,,0.37575
2009776,2026-10-01T16:41:34.765Z,891,772517,?,15.0,0.09,,,0.09701492537313434
2009962,2026-10-01T16:41:36.992Z,951,776679,?,37.0,0.03,,,0.015000000000000001
2013098,2026-10-01T16:42:19.225Z,935,771195,bid,200.0,0.635,0.635,0.6444308633718472,0.6324466798314459
2015044,2026-10-01T16:42:42.899Z,891,772517,?,9.0,0.09,,,0.09701492537313434
2021059,2026-10-01T16:43:47.874Z,891,772517,?,27.0,0.09,,,0.09701492537313434
2026891,2026-10-01T16:44:47.463Z,889,777037,bid,500.0,0.16,0.16,0.17275,0.17275
2035070,2026-10-01T16:46:10.014Z,889,777037,bid,500.0,0.16,0.16,0.17275,0.17275
2037339,2026-10-01T16:46:30.943Z,988,779094,?,100.0,0.765,,,0.22025
2037344,2026-10-01T16:46:30.943Z,988,783466,ask,64.0,0.765,0.235,0.22025,0.22025
2038392,2026-10-01T16:46:38.231Z,960,779277,?,322.0,0.55,,,0.41174999999999995
2038957,2026-10-01T16:46:46.090Z,840,778673,bid,500.0,0.92,0.92,0.92275,0.92275
2039650,2026-10-01T16:46:55.808Z,949,783645,ask,513.0,0.5800000000000001,0.42,0.415,0.415
2043016,2026-10-01T16:47:28.447Z,960,779244,?,1639.0,0.42,,,0.41174999999999995
2043022,2026-10-01T16:47:28.447Z,960,783567,bid,1639.0,0.42,0.42,0.41174999999999995,0.41174999999999995
2044061,2026-10-01T16:47:38.657Z,840,778673,bid,25.0,0.92,0.92,0.92275,0.92275
2045888,2026-10-01T16:47:57.331Z,958,771073,bid,100.0,0.915,0.915,0.9307376237623762,0.9305
2048157,2026-10-01T16:48:21.922Z,840,778673,bid,500.0,0.92,0.92,0.92275,0.92275
2049027,2026-10-01T16:48:31.687Z,960,787191,bid,500.0,0.42,0.42,0.41174999999999995,0.41174999999999995
2049311,2026-10-01T16:48:36.212Z,960,787191,bid,500.0,0.42,0.42,0.41174999999999995,0.41174999999999995
2049559,2026-10-01T16:48:37.995Z,960,787191,bid,250.0,0.42,0.42,0.41174999999999995,0.41174999999999995
2050399,2026-10-01T16:48:47.661Z,843,787645,?,1200.0,0.385,,,0.37575
2050828,2026-10-01T16:48:54.952Z,960,787191,bid,500.0,0.42,0.42,0.41174999999999995,0.41174999999999995
2051452,2026-10-01T16:49:04.853Z,1034,786666,ask,100.0,0.19999999999999996,0.8,0.7784488921529635,0.7784488921529635
2051484,2026-10-01T16:49:05.126Z,931,785330,?,346.0,0.725,,,0.7312076167076167
2051847,2026-10-01T16:49:09.762Z,843,787645,?,8602.0,0.385,,,0.37575
2052791,2026-10-01T16:49:22.562Z,889,787630,?,50.0,0.835,,,0.17275
2053233,2026-10-01T16:49:30.626Z,960,787191,bid,211.0,0.42,0.42,0.41174999999999995,0.40425
2054995,2026-10-01T16:49:52.235Z,949,787225,ask,513.0,0.5800000000000001,0.42,0.415,0.41725
2057714,2026-10-01T16:50:20.201Z,889,787630,?,9.0,0.835,,,0.1735
2057862,2026-10-01T16:50:21.456Z,840,778673,bid,2500.0,0.92,0.92,0.92275,0.92275
2058831,2026-10-01T16:50:32.461Z,889,787630,?,3.0,0.835,,,0.1735
2059034,2026-10-01T16:50:34.847Z,889,787630,?,354.0,0.835,,,0.1735
2060683,2026-10-01T16:50:57.032Z,843,787645,?,198.0,0.385,,,0.37575
2061742,2026-10-01T16:51:05.525Z,1041,790125,ask,100.0,0.725,0.275,0.26283292731405505,0.26394523326572006
2062976,2026-10-01T16:51:21.624Z,1034,790206,ask,100.0,0.19999999999999996,0.8,0.7784488921529635,0.7857500000000001
2065682,2026-10-01T16:51:54.120Z,889,787630,?,23.0,0.835,,,0.1735
2066734,2026-10-01T16:52:06.476Z,889,787630,?,3.0,0.835,,,0.1735
2071482,2026-10-01T16:53:14.214Z,1020,786819,bid,100.0,0.415,0.415,0.432,0.432
2078577,2026-10-01T16:54:20.633Z,949,791034,?,613.0,0.415,,,0.418
2080813,2026-10-01T16:54:45.553Z,889,787630,?,2.0,0.835,,,0.1735
2080839,2026-10-01T16:54:45.948Z,1041,794652,ask,100.0,0.725,0.275,0.26394523326572006,0.26449722549609744
2081090,2026-10-01T16:54:47.853Z,889,787630,?,597.0,0.835,,,0.1735
2082035,2026-10-01T16:54:55.980Z,1034,794744,ask,100.0,0.19999999999999996,0.8,0.7857500000000001,0.7887500000000001
2084307,2026-10-01T16:55:24.446Z,843,795551,ask,2000.0,0.62,0.375,0.37575,0.37575
2084364,2026-10-01T16:55:25.247Z,840,795567,ask,508.0,0.08999999999999997,0.91,0.92275,0.92275
2084371,2026-10-01T16:55:25.247Z,840,795567,ask,2905.0,0.08999999999999997,0.91,0.92275,0.92275
2084493,2026-10-01T16:55:26.939Z,960,795604,?,1950.0,0.415,,,0.40425
2084498,2026-10-01T16:55:26.939Z,960,795604,?,50.0,0.41,,,0.40425
2085513,2026-10-01T16:55:36.860Z,840,795567,ask,250.0,0.08999999999999997,0.91,0.92275,0.92275
2085808,2026-10-01T16:55:40.078Z,840,795567,ask,437.0,0.08999999999999997,0.91,0.92275,0.92275
2086111,2026-10-01T16:55:42.769Z,840,795567,ask,328.0,0.08999999999999997,0.91,0.92275,0.92275
2086886,2026-10-01T16:55:50.837Z,840,795567,ask,246.0,0.08999999999999997,0.91,0.92275,0.92275
2086957,2026-10-01T16:55:51.376Z,840,795567,ask,109.0,0.08999999999999997,0.91,0.92275,0.92275
2087385,2026-10-01T16:55:56.568Z,840,795567,ask,5.0,0.08999999999999997,0.91,0.92275,0.92275
2088725,2026-10-01T16:56:14.169Z,949,795702,?,47.0,0.5349999999999999,,,0.41725
2088959,2026-10-01T16:56:17.156Z,949,795702,?,309.0,0.5349999999999999,,,0.41725
2089780,2026-10-01T16:56:24.578Z,960,796979,ask,2000.0,0.5900000000000001,0.4,0.40425,0.408
2090184,2026-10-01T16:56:28.302Z,1058,796872,ask,100.0,0.755,0.245,0.2325,0.22999999999999998
2092023,2026-10-01T16:56:51.381Z,843,795551,ask,1026.0,0.625,0.375,0.37575,0.37575
2099053,2026-10-01T16:58:09.710Z,1058,798812,ask,100.0,0.75,0.25,0.22999999999999998,0.22999999999999998
2100403,2026-10-01T16:58:23.939Z,1067,798725,ask,100.0,0.6799999999999999,0.32,0.3094059405940594,0.3094059405940594
2100581,2026-10-01T16:58:25.468Z,1018,790774,?,100.0,0.505,,,0.4835
2102117,2026-10-01T16:58:44.748Z,941,771172,ask,1835.0,0.03,0.03,0.03720059565593764,0.029450000000000004
2106054,2026-10-01T16:59:24.394Z,958,791019,?,100.0,0.94,,,0.9305
2106643,2026-10-01T16:59:31.024Z,960,798876,ask,917.0,0.5800000000000001,0.42,0.408,0.408
2108514,2026-10-01T16:59:53.741Z,1058,801434,?,100.0,0.745,,,0.2475
2109929,2026-10-01T17:00:12.866Z,925,801706,ask,100.0,0.84,0.16,0.14375000000000002,0.14375000000000002
2110541,2026-10-01T17:00:18.765Z,1040,790146,ask,100.0,0.25,0.75,0.737167072685945,0.7355027745039026
